house_num,ozone,num_bedrooms,num_bathrooms,sq_feet,log_price,price
1,19.2097721716157,4,3,577.099666396792,12.6945160815805,325955.478361957
2,8.98306207679394,4,3,1111.0298615883,12.698984452947,327415.227409813
3,31.2595114261018,4,1,819.952012553273,11.9020685570732,147571.569948864
6,20.4035332333545,3,2,885.621140669486,12.64198442925,309274.474702719
8,61.6176326031105,4,3,4909.39679412968,12.744122392333,342532.69512009
9,29.4499366436054,2,1.5,798.170240307521,11.8602395978219,141526.123559698
10,7.59947847117311,4,1.5,946.042301370568,12.5169726585767,272930.553378344
11,11.2320304016772,4,1,1911.55392285702,12.2082624187266,200438.434500157
12,17.2309757546101,3,1.5,719.844799697815,12.2854364851848,216519.6285113
13,33.8716564017124,1,1,2056.91558300263,12.7756952529892,353519.969308999
14,26.5844129769383,2,1.5,1898.2652224489,12.3832988053928,238780.215019921
15,7.88653072714267,1,2,4336.99992389645,13.3152571441361,606376.975929891
16,35.5611895810129,2,3,764.984402479835,12.7256585965551,336266.270407023
17,35.0324963405281,3,3,3048.15224679005,13.3027097130184,598816.036971449
18,30.7573579645677,3,1,775.722130693527,11.4206220405484,91182.8436550272
20,37.127260615565,1,2,754.831364515891,12.5066248186289,270120.873823449
22,8.79498238504444,2,1.5,5836.8476513802,12.9091771206992,404002.813367188
24,51.0992146758371,4,2,1351.51781784289,13.2656251079775,577015.903774299
26,54.8366432257091,3,2.5,1488.51117691832,12.0693182063681,174436.874832725
27,5.03973371292307,4,1,832.542271217465,12.952998048855,422100.218261371
28,41.9357862191444,4,2.5,537.832133422689,12.0767511524966,175738.2853917
29,52.571445101656,2,2,599.959774322176,12.336730840456,227915.640224792
30,101.710753635654,2,1,3754.70993150711,12.5237544790588,274787.810067747
32,60.3781271935831,4,2,1289.93310269407,12.8849016425233,394313.533656149
33,14.8019762113904,3,3,801.964224461506,12.2834334016565,216086.355695576
34,18.8412089524718,4,1,2071.52963705003,13.0532459748187,466608.555772351
35,5.12945169603642,2,1,1163.5526726595,12.6466755147466,310728.716023771
36,36.2516891526932,2,3,530.926687540345,12.9286433565123,411944.271779718
37,20.8013253940024,4,2,1472.13647008083,12.0683139775967,174261.788232425
38,86.3836618825158,2,3,1012.45111610927,11.7570188167159,127646.348502231
39,14.2902276110493,2,1,6575.05765176844,12.2401264305735,206928.050680488
40,7.7899802850481,2,2.5,1312.47450493637,12.5964167543804,295497.824700151
42,123.092128026586,4,1,1005.94297952325,11.2344141649922,75690.9714638408
43,36.1133430069699,1,3,2320.90794028164,12.8500318736137,380800.872685836
44,28.7174783423696,4,2,713.333807092568,12.1585301615906,190713.992172687
46,129.667402274893,3,2.5,1218.21970665623,12.47477855527,261654.066980447
47,37.7454152844002,2,2.5,1356.73187799321,11.926267749747,151186.242487271
48,33.4088560493552,2,1,1754.18793812968,11.6299575927788,112415.55457646
49,7.56169085137197,4,2.5,2706.3251322404,12.99836654021,441691.317422956
50,11.3931750752012,3,2.5,2232.92517686168,12.3735721953962,236468.951594244
51,38.5867426103264,1,2,585.134844627386,12.3307021744659,226545.746421099
52,10.0392627903697,1,2.5,9110.41653590602,12.8994373828739,400087.032180386
54,11.077271287771,3,1,1358.03061233379,12.4599752039194,257809.238282134
55,33.17429714268,2,3,853.843871785517,11.3166924980288,82182.0755307116
56,77.857299932634,2,2,783.108264714434,11.3044884825098,81185.2194018303
57,5.00718783371552,3,1,985.326822956946,12.2536902513232,209753.907048325
58,40.9723970579791,2,3,880.768486029083,12.3060918114826,221038.419986371
59,385.7484172763,2,2.5,1075.14623454255,10.8729323844429,52729.6072641185
60,12.6842317262617,3,1,1237.21096083701,12.4690735504412,260165.579216946
61,51.6828406180012,3,3,3063.87295463519,12.8179203927398,368767.038894347
62,20.2642721980527,2,2,1220.31247243755,12.4150391944611,246480.754523402
63,103.196948108029,1,1.5,6256.23313009329,11.8018260641658,133495.902593225
64,99.2144650897651,1,3,3900.84257775344,12.3558947905163,232325.524611529
65,18.2734736399764,2,1,1685.59363087227,11.9626118883131,156782.0476496
66,22.3506669199306,1,3,1219.00392828517,12.1715253326173,193208.526462866
67,16.9065293428993,2,3,1428.94856014782,12.0520273516705,171446.638546437
69,11.5221320103791,3,1.5,1538.33172678389,13.6080963099886,812682.927991428
70,31.2629753537413,2,2,3367.71335029326,12.5832819687696,291641.902913246
71,6.70522409545328,1,3,4367.07992837333,13.2600796706124,573824.954004626
72,58.099469789676,4,1.5,8106.20752678502,13.3925904664499,655130.981544866
73,39.9111208243675,2,2.5,851.70065631438,12.2220984743505,203230.986230059
74,120.309029148466,2,1.5,1422.18041010928,11.8911440310101,145968.19449152
75,25.5810994598713,3,1,4646.94564576966,11.7439261195812,125986.006416722
76,18.9211147024454,4,3,2879.95047070007,12.8773135723154,391332.778271742
77,35.5036480450666,4,2.5,2480.20020475544,12.5892496963093,293387.545909139
78,121.108931968506,4,3,710.460250680166,11.5424294446386,102994.353429749
79,62.1545262254394,1,1,1115.92525935418,11.3221045631532,82628.0560247008
80,41.9419840411824,4,1.5,930.998856552036,11.9672162442325,157505.592449372
81,96.5898703317296,2,3,1675.59589155643,13.2209684223798,551815.164563227
85,45.2981660988713,2,1.5,952.182723038527,12.5655014020737,286502.173665616
86,26.5277013214514,3,2,669.461897364756,13.1526174425957,515358.184921085
87,28.0774866769804,2,2,1808.6455527704,12.8526474635847,381798.195354372
88,2.94087308339534,4,1,841.907900876135,12.595651937721,295271.909443884
90,234.879450342656,4,1,933.023054876433,11.7368857514821,125102.133602086
91,215.450192298372,1,3,847.379911093616,12.5714454252927,288210.220544377
92,4.39383395859056,2,2.5,9820.36329277509,14.4814770290313,1946370.72359999
96,47.896229388649,1,1.5,576.624960067569,12.2869092090582,216838.737058982
97,46.7642114050552,1,1,587.901175719301,12.0554478308313,172034.072280463
98,68.7000680709101,4,1.5,3816.86902947561,12.5366495099805,278354.152002239
99,20.3717117445215,3,3,1342.00861809992,13.0381145261311,459601.241461434
100,225.909741209779,4,3,2837.15961431533,10.932658687283,55974.9018096384
101,7.62769090965084,3,3,703.327105021204,12.9599927891202,425063.049692138
102,35.3116952954505,4,3,1285.0208693284,12.1976808007806,198328.653697864
104,70.8774740107027,2,1.5,1252.52880766795,12.5941133609091,294817.960238244
105,34.1192875917121,3,1.5,784.41488285523,12.6161531560309,301387.820930171
107,44.2942364357484,2,3,880.570003911214,12.4275436935574,249582.22364181
109,83.7580363906377,2,1.5,623.269076614571,11.8635656609867,141997.632085008
110,99.9477967332023,3,3,703.325921281053,12.3757961649278,236995.436564024
112,22.4631906345091,4,3,2369.43248037934,13.4557420597489,697837.858082368
113,23.8965347257769,3,1.5,2067.1830176802,12.8312974446159,373733.196924906
114,26.3311012255204,3,1,9006.64995782082,13.6300422744221,830715.182506123
115,184.156321887236,2,1,4569.88546251675,12.2287700384286,204591.387734323
116,18.3051416621539,3,1,2022.0923451783,12.1891817197335,196650.185219528
117,39.9998897334652,4,1,2289.96199317755,13.3442606673603,624221.57181433
118,6.72277008999501,2,3,595.524895795877,13.1078257996892,492783.791329332
119,151.958050646018,3,3,1347.71856250414,12.0602944574044,172869.880976905
123,47.4385414706598,4,3,4091.2090489008,13.0146644885426,448948.961397415
124,87.2738276322449,4,2.5,1573.32860008911,11.5117161084608,99879.1374467415
125,41.4996489185123,2,3,2050.07947688052,12.6517003249406,312293.998173023
126,15.3181914259771,1,2,1033.99203465273,11.6457232458362,114201.903687855
127,13.0337228540352,3,1.5,958.995524859622,13.472439567717,709587.835956193
129,37.502322843448,2,2.5,1379.37961790586,12.908839075951,403866.265418812
130,15.2652438451881,2,1.5,1860.71131466965,12.6894981697159,324323.959332482
132,66.4258498159358,1,1,7821.07275474485,12.5412979963615,279651.089549775
133,84.8138357176575,3,2.5,1305.56391879621,12.255537116879,210141.652260871
135,29.781476207658,2,2.5,826.185758895575,12.429664348589,250112.063044903
136,17.9480819473366,2,2.5,1753.60168604587,12.3313612038527,226695.095932904
138,6.80277352547742,4,2,3425.89083116437,14.1049714408555,1335707.1912817
139,7.46683420292824,4,1.5,5527.58969353756,13.407195944522,664769.700435171
141,38.8036892603353,4,3,3053.51557573552,11.9267924191641,151265.586097743
142,49.0455458781357,1,1,501.389817483491,11.4557336392928,94441.2889347323
144,73.5780899752345,3,2,528.947383676112,12.2057741359811,199940.307000103
146,21.0746818839972,4,1.5,1108.09863842487,12.1553686747499,190112.004485578
148,164.689650859998,4,2,6830.85813525796,13.202617399924,541781.140969621
149,31.0168840421255,3,2,2955.78586366299,12.6090074737454,299241.875570111
152,66.5922269466142,1,2.5,807.195569584902,12.0226480619634,166482.930222927
153,33.1910140724591,2,2,1001.0347548341,12.0738128889785,175222.677865342
154,114.161202690599,3,3,1224.11790661049,12.0238464208545,166682.556110426
155,29.1479500492291,2,1.5,1072.28900794767,11.8375414609237,138349.927464309
156,4.85580636956586,2,2.5,1663.28173543737,13.2411503588043,563065.003049524
157,11.0524058052075,4,3,524.351248507342,12.2035319360965,199492.503087371
158,40.9094726054539,1,2,1420.46308734272,12.9389665927692,416218.895837157
160,10.1989339028422,1,2,1043.31596816369,11.2561016686869,77350.4496125434
161,36.1294694880538,2,3,1462.36295967741,13.0364007916596,458814.281483581
162,75.5951868946076,4,1,1311.41634742537,12.6662896915642,316883.567857065
163,220.906688847849,2,3,1488.5759448222,11.046739760248,62739.0763800964
165,19.4965503141042,1,2,1381.25866193185,12.6802455521196,321336.953879075
167,45.1343705819756,1,1,17879.1907924602,13.0715190252019,475213.295413015
169,16.0511305648624,1,1,711.286798526318,11.5521027182076,103995.48026696
170,30.0932353536953,4,1,699.700031886819,12.9186620742869,407852.991818387
171,43.0751899698849,4,1.5,8338.86770949833,12.998561707865,441777.529694268
172,13.9369618695733,4,2.5,532.524480007123,12.6030892324609,297476.120185132
173,25.1229388707993,1,3,688.589541505302,11.2319815839668,75507.0708101739
174,13.2544160676697,1,2.5,2482.74751557627,13.0242442809331,453270.465749278
175,8.17186547313824,2,2,527.056923040573,12.7277429044141,336967.883772269
176,9.04662461498231,1,1.5,2617.4349065964,12.1518167758835,189437.943678931
177,201.545283889467,3,2.5,1292.69035262655,11.7828563160529,130987.387124155
178,101.939076149819,1,1,7710.21262730726,12.5171213692747,272971.144089511
180,24.892173917537,1,2.5,914.93562870657,13.0932075125936,485632.533311177
181,161.613983129832,2,1.5,761.732683867024,11.3962699995113,88989.1738794388
182,83.7814611319302,1,3,2834.72473506201,13.2883229325787,590262.677307795
184,91.2440517181141,4,2,2117.1408708381,12.6065307742633,298501.660395493
185,49.5504859425629,2,1,2657.04070785888,12.8217015600681,370164.048272233
187,17.8378636096864,1,2.5,1023.48256889454,11.930297585119,151796.727405699
189,90.3310017714603,1,1,3106.83783876101,12.1949326345778,197784.361839536
190,20.2878337141417,2,3,1593.06911289778,12.9998810762421,442360.781674147
191,20.8969333370468,4,3,896.518271085899,12.2647728902304,212091.463078435
192,9.3860956119311,2,1,1208.37478113709,12.4702876018476,260481.625413619
193,14.7284501051322,2,2.5,747.975310824156,11.8743858462742,143542.415122469
194,42.5282388087216,4,3,790.057898136709,12.9189908007012,407987.085908878
195,45.9964320731484,4,3,595.531690186701,12.7007878914192,328006.233388574
196,157.913031731971,3,2.5,796.616059771587,11.6673877129279,116703.021945156
198,34.6280097376981,2,2,2865.73713515435,11.8389767871735,138548.647326649
200,11.8189734520904,1,2.5,830.595521483917,12.0700244736411,174560.117404591
201,75.1505111761284,3,1.5,699.567344143792,11.9764198127996,158961.897290145
202,62.27824513177,3,2.5,713.25920728668,11.8694201458149,142831.393307474
203,5.57858227691359,4,2.5,1625.78633756923,13.9364122991982,1128514.02052419
204,23.7586465349963,2,3,6182.23352653774,12.7255532961649,336230.863301761
205,15.5130315273401,1,1.5,1626.28818916538,12.4274287281797,249553.531976515
207,35.0628644894276,1,2,1609.55343737418,12.3477928037734,230450.830917719
208,27.2940317915498,4,1,978.197364467984,12.4701818193407,260454.072471629
209,78.3363597697419,4,1.5,1789.78305382841,12.133890530752,186072.289562696
210,15.9058585652618,3,1.5,874.790860831329,12.6875154778859,323681.56191652
211,25.117404070438,2,1,2927.56944121678,11.9553301754365,155644.552277894
212,66.9179005860102,2,1,845.538967632958,11.8937443833088,146348.257155856
213,26.1093934997941,2,1,936.912633396537,12.0374783994025,168970.32713431
214,3.8135132325182,2,1,1289.35162011915,11.7268837187788,123857.094809423
216,5.87715158615547,4,3,10942.6435758631,13.6779085128864,871445.418744143
217,28.684529020775,4,2.5,2778.83371516569,12.5102505297701,271102.031707825
219,19.9886474541099,2,3,1139.19916833838,11.2159191086895,74303.9289380623
220,18.8322264900312,2,2,512.939322953091,11.4381562374233,92795.760867456
222,13.5207721376233,3,1.5,2556.18672030165,13.000671035466,442710.366714733
223,5.73474084266852,2,1.5,1173.51391551588,12.878420904417,391766.353631203
224,59.3895322173916,3,1,2245.00261284885,12.5334781810297,277472.797692316
226,30.375609802498,4,1,714.701049586241,12.3594022812447,233141.834998751
227,6.63076039973987,4,1.5,826.827669227932,13.0574992221875,468597.383875193
228,50.0171324174184,3,2,2164.81133960819,12.5821617845295,291315.393159525
229,69.7664873993518,3,2,1970.01619711178,11.895372758693,146586.761189669
231,12.7131937060603,2,3,2343.11134359623,13.2753941490701,582680.419242606
232,13.0972652982316,3,2,19566.1058955381,14.1116350408386,1344637.53075895
233,222.152182417163,3,1,2733.19285535322,12.0173761249587,165607.552198811
235,16.2528861942176,4,1.5,21001.006612301,14.2382132455688,1526080.50586017
236,42.0306605032861,4,3,4594.08848609678,13.1349171753227,506316.463809433
237,44.4493632355637,2,2.5,1311.97231051474,12.7961926623331,360840.987462559
238,12.000503831906,1,1,521.321707434082,12.0573760616432,172366.1137027
239,245.724595429057,3,1.5,748.47215794185,11.4037036045887,89653.14906135
242,61.9142231629171,3,2.5,3152.35854854353,12.1122875143901,182095.674934968
243,28.9307296607596,4,3,782.136012051688,13.2833198727696,587316.932842519
244,60.9734613016211,2,1,1416.47069464131,12.4910792973842,265954.174706751
245,28.5546623876222,1,1.5,8433.57636615222,12.8018978319763,362905.530193621
246,33.5085581943522,1,1,2381.76984587511,11.8571724087659,141092.701216294
249,33.5228270638407,2,1.5,1569.74787105747,13.1880637744128,533953.360592103
251,54.3497916786663,4,2,678.728737139406,12.7510256282375,344905.459573103
252,26.7497055964978,3,3,1001.96676951452,12.0760027529281,175606.812138151
253,53.5966368411729,4,3,914.26127846938,13.2657771145807,577103.620668453
254,74.8793956719665,3,2.5,642.672960378393,11.7864463281325,131458.47853217
255,20.9286905230924,2,2,764.660844351126,11.6722322076531,117269.760792668
256,54.8507658172552,4,1.5,1908.38048542485,12.5651478857236,286400.908363428
257,16.1104425016484,3,2.5,997.89380257189,11.8600082332529,141493.383216743
258,37.8633678355142,1,2,659.540245542524,11.831637566278,137535.530490831
260,86.2401794821721,4,1,1044.52494257234,11.7442118673414,126022.01177985
261,15.6968861484061,4,1.5,1428.67639330748,12.8699052222215,388444.360462843
262,7.87668498278435,3,1,970.154698842806,12.4416569438899,253129.613763316
263,20.9884132025472,4,2.5,2237.45163545559,12.0736458211331,175193.406235334
265,197.161518778899,1,1.5,589.092631642452,11.1309693418123,68252.4999589998
266,34.1827067572094,1,1.5,558.880260953811,11.3810898135346,87648.5032299612
267,35.2345164754961,3,1,2480.6791275771,12.5376419565796,278630.540761601
268,62.8822805981939,1,2.5,503.699761930692,10.9383954540239,56296.9396093341
274,18.9072415410274,1,1.5,1515.54765346087,11.9344407844904,152426.956191466
276,14.8404808111589,1,3,3050.01824419522,12.4809837810033,263282.737438042
277,23.740944738884,1,2,783.859393296416,11.9386071248883,153063.343559423
279,16.7307898046821,2,1.5,5169.3598233102,13.2917444269034,592285.716643511
283,13.0734711119713,1,1.5,541.831791830354,11.8698330717456,142890.384272111
284,24.7407084729903,3,2.5,647.89958677906,12.8914994395852,396923.735652791
286,178.207118016457,4,1,3251.36611072589,12.3961233019666,241862.171096834
287,160.492306900505,3,2,573.542715276762,11.6386186631214,113393.422179471
290,22.5481913905831,4,2.5,1609.50338033388,12.552955070582,282930.077629191
291,10.4461157201697,3,1,944.858315288916,12.0974962697688,179422.074942501
292,18.1754360889725,4,3,572.109538627309,13.0301818737548,455969.807077405
293,18.1664524263438,2,1,946.77737139258,13.1740700064464,526533.378994246
295,6.88419586112839,1,3,954.938752712134,13.1053962700489,491588.011681262
296,24.8802276896562,4,2,2399.8003857375,12.6064717157788,298484.031860374
297,22.0998046567901,3,3,2036.82631493335,12.3371183707886,228003.981565015
298,32.0252364215063,4,1,2154.85489890864,12.3854498376009,239294.391760198
299,21.7250238635758,1,2,1244.04353587356,12.1363288687233,186526.550287262
300,18.6093921216182,1,3,655.667739304041,12.3961048473562,241857.707665872
302,10.4497026435566,4,1,869.205052904995,13.6996555045025,890604.303953127
304,26.5593582933336,2,3,1488.68944836274,12.3327974129039,227020.911395088
305,83.8889949026441,4,2,1393.12688711794,13.1327745303499,505232.768785038
306,17.2960522304821,1,3,851.662613795012,12.9274273432834,411443.646540816
307,5.15117712909579,2,2,894.234723919034,12.8232384068223,370733.371057229
308,10.1354356953006,3,1,6226.81222456824,12.9123865002413,405301.494597114
309,12.5765976215898,3,2.5,913.020523587999,12.8672964928975,387432.334893268
310,11.4823955376898,4,3,1268.14509063077,12.1691628051855,192752.604794823
311,30.2994390729146,3,3,3177.62134807326,12.61032746499,299637.133036671
313,2.09965077124463,4,2.5,9031.08285573098,12.6865927901911,323383.04266353
314,34.7400391028899,3,2,1295.19926931831,12.486649152755,264778.5652308
315,30.7359782362043,1,1.5,2411.25818302074,11.8764758815548,143842.737567256
316,22.6619049679707,2,1,955.812948439807,11.8465190512434,139597.568459023
317,16.3936262404836,1,3,5631.00020719478,12.9877553325462,437029.218127466
318,26.8316897648096,4,1.5,1180.94236492466,12.9211519672879,408869.767434075
319,9.09520713426401,1,1,3025.15492569273,13.1613395270308,519872.842515738
320,112.923338682745,1,1.5,1124.85681380348,11.7292352636082,124148.69303909
321,19.0959738144853,1,2.5,935.170665575078,12.4542740460177,256343.608968053
322,59.5950909978694,4,3,646.234396742966,12.0482572864978,170801.490434833
323,120.653290941897,2,1.5,2167.56735892755,12.3361957515399,227793.717714511
326,73.5384258453062,3,1,1005.47733522543,11.9798829750701,159513.362490859
327,54.2958033856002,2,1.5,2532.3670435149,13.2825760674279,586880.245795792
328,33.5215015294311,4,1,2070.91835194897,12.1084612409872,181400.258372562
329,149.363541947925,3,1.5,4731.08907924631,12.0372332899198,168928.915980173
330,18.8763191368881,4,2.5,581.773447058262,13.1054705856199,491624.545682563
331,4.88497488903188,1,2.5,7370.87862733125,12.8764789986143,391006.318472933
333,47.5585342308529,4,2,1043.77124499081,12.1450272235429,188156.10133706
334,14.8333095229754,1,2,2813.08408018811,11.8932730610141,146279.296212152
335,70.6125402274487,2,3,1964.47264459055,11.9782392173453,159251.376548757
336,17.8886466555977,1,1,2999.96818632576,13.1201128184049,498875.985804837
337,53.6139956639106,2,1.5,1236.35598392028,12.440379919412,252806.56736343
338,27.9644852578031,4,1.5,2671.00680913676,12.2123489251288,201259.203342331
339,82.8374815733434,3,3,721.999650039341,12.643331782771,309691.45760379
340,70.620507818169,1,3,8906.73778656213,13.5739318748874,785387.004691696
344,25.2689366813456,4,2.5,1026.68863904127,13.0440084491931,462318.094414022
345,73.3688082504888,4,2,2902.24856402393,12.8360606164201,375517.598683158
347,44.5533787587422,2,1,1048.70105156954,11.8206811231811,136036.855343867
348,59.8645527471708,4,2,4427.70894435194,13.3575986200972,632603.18214005
349,12.653494472775,4,1.5,2151.03815511187,12.7489745029624,344198.740300119
352,7.10540069493916,1,1.5,1532.78814282397,12.8321901832274,374066.991953879
353,10.9670187382843,3,1,6389.22401408934,12.0620465670911,173173.033470545
355,18.9708171496892,3,2,3207.42307769262,12.961653735207,425769.643145505
356,33.0089984557667,3,3,526.96477442335,12.5128676183798,271812.458967131
357,144.402684682755,2,2.5,1062.96461000636,11.7371750103947,125138.325743409
358,14.2617660137027,4,2,1350.7907724098,13.2159170728347,549034.781538074
359,14.3232426802594,4,3,2148.87398990287,13.9329819961771,1124649.50748512
360,51.1983552521225,2,1.5,1212.70199958933,12.7560052631081,346627.246203129
361,20.790928600191,3,1.5,2884.19695822167,11.8871804080685,145390.776696244
362,22.6647620397408,3,2.5,502.535690741533,13.5026546328102,731355.274877212
363,15.2258675910517,4,2,5368.92124919709,12.3183913925595,223773.888024596
364,27.0322693104727,4,2,546.338311350663,12.9616673452379,425775.437922934
365,9.21572302904968,2,2,6309.39594313789,12.7075918006863,330245.56751389
367,14.6995548553814,2,1,617.660345278329,11.7576777782104,127730.490250854
368,60.0323556906398,2,1,573.845526946725,12.0390968839465,169244.024424842
370,63.6270422381336,1,1.5,1108.04094780582,11.7474330200288,126428.602415469
371,8.07680401089612,1,3,1148.95682302259,12.1396473594245,187146.56509762
372,121.783844381371,4,2.5,779.694479929673,12.0895011235046,177993.288499539
375,230.720167897851,1,2.5,1978.7896687744,11.2260063336013,75057.2424147305
376,80.3521285784396,1,1,1339.52124100921,12.301220358758,219964.260256499
377,62.8352505119695,2,1,9775.43993699229,12.5342810040061,277695.648672586
378,125.618871965495,4,2.5,2823.1100530029,11.4536024238364,94240.2285276584
379,20.456562059217,1,2.5,1298.30746228719,12.4058905165316,244236.065111055
380,11.0872488325556,3,1,2636.20167162393,11.7410153156528,125619.819062665
382,73.7333590367042,2,2,569.9583158837,12.0612218568691,173030.274775044
383,125.277967002984,1,1.5,2348.08651153059,12.0093733640359,164287.523533475
384,31.1189909754807,3,1,973.996921081156,13.6621284275791,857801.867015865
386,169.444463336297,1,3,3951.44290187371,10.6786943277857,43420.819966369
387,14.9170164333336,3,2,1228.79416832998,12.7657788884441,350031.660674379
388,16.2271330374021,4,3,1689.3907619148,13.0412823900549,461059.504223054
389,25.8557772640216,3,2,712.880588453116,11.6885483855815,119198.84996015
390,102.390700674041,1,1,1089.71808596301,11.6390469365332,113441.995967952
391,158.583765053551,4,2.5,876.434871698238,11.1886554122627,72305.4953064075
392,5.42439393771763,2,1,1176.95519163659,11.5545727418298,104252.669060262
394,8.42814779605385,1,1.5,1381.56825392437,12.7980681451658,361518.373554314
396,20.8859253814301,1,1,2493.36718930388,11.9456852233081,154150.584228651
397,23.9920073461482,1,3,1370.95584109436,12.4128459927964,245940.764891805
398,28.8867025339799,1,2.5,1789.78705020707,12.8839278805132,393929.753002818
399,24.1367814815599,4,1.5,1116.62286212885,13.3791958864508,646414.285767054
400,105.055801091205,1,1,4520.71631737484,12.3713404207087,235941.794640273
401,15.5535903601256,1,1,2769.24393013021,12.2113586937057,201060.00879562
402,25.1751959536116,4,3,988.134846501882,12.7902802895788,358713.855434729
403,28.5289990473703,2,3,4392.93872422697,11.7108377596989,121885.548908227
404,32.1480195984753,1,3,571.033415848546,12.1908352158034,196975.614501801
407,28.7327816352392,3,3,979.949456305905,12.4866390667388,264775.894683354
408,20.8047363768017,1,1,2713.34944000406,11.1889254893831,72325.0260036453
409,39.0468797529752,3,2,1845.08199137501,13.0707493859631,474847.693322975
411,30.7794242059916,1,2.5,670.642434015451,12.3260389900425,225491.781152308
412,37.1512302556654,3,3,2869.49409334956,13.2463317705812,565990.046069617
413,7.43013386493919,4,1,825.378242489013,12.461753984906,258268.232557484
414,26.7242394551956,1,2,1400.06933503208,11.491475762804,97877.8706679718
415,12.9567742826719,4,1,2160.92640997242,13.5699040243834,782229.945598295
416,22.1584963636827,4,2.5,5241.03160963887,12.7053831242162,329516.966817359
418,18.39855992019,4,2,1403.57637845682,12.4652866586301,259182.223421622
419,13.2235764749176,2,1,744.271990713278,11.5456267795031,103324.187881417
420,21.1242558162988,1,2,2955.32317576941,12.6986044151382,327290.820885325
421,2.64698984652432,3,2,3694.29891028288,12.8243539151899,371147.157983285
422,9.12168508279371,2,1.5,1066.5187974249,12.9677875868633,428389.276985583
423,38.0125725703067,3,2.5,1494.58165475523,12.7182497646541,333784.136346439
424,10.6930032953389,2,1.5,1203.72672369542,12.4880125524858,265139.810460223
425,24.1504756479171,1,2,1817.19786927814,12.0868910515627,177529.318971694
427,52.3116723256911,1,1,1818.34135901455,11.5950750291271,108561.816725372
428,16.9304823729249,3,1,2326.89850090107,11.1619057033514,70396.9842134452
431,11.8140709500523,3,2,1997.21550013237,12.1349620507648,186271.776602889
432,74.4208850275659,2,1.5,1940.71752877392,11.1471508854811,69365.9148586757
433,54.2567235428673,2,2,1631.77652439307,12.3162792174451,223301.73719521
434,32.2031063156655,1,1,707.483533999631,11.8673926197073,142542.092310333
436,50.6261653567942,4,3,5641.8227852685,14.2841882205487,1597879.85927054
437,42.7292563358816,3,2.5,2109.02901234383,12.4858223595897,264559.738597406
438,93.0870814060361,3,2,2234.2587028812,12.1875377033042,196327.154690695
439,58.2183868769833,1,1.5,852.822102346839,10.7596793065952,47083.5662200626
440,20.7960080109588,4,1.5,2872.73705278925,12.5364565756138,278300.453100557
441,17.619474073225,1,3,1578.99693100733,12.6862395363866,323268.826548213
442,39.4357263648364,3,1,1036.10321824521,12.9458148571734,419079.05527174
443,9.96519669918635,1,1,942.380801213132,12.3584296995028,232915.19573723
444,58.5038165823923,4,2.5,1013.79810242247,12.5968206867254,295617.209939583
445,14.1596479684457,3,3,2993.76418583871,13.0710878793124,475008.453315623
446,17.2550765373697,4,2.5,668.54799305391,12.2359889192896,206073.652296194
447,133.307348551623,4,1,1548.62944133362,12.9103334646674,404470.24979013
448,35.1416338290508,2,1.5,2347.27363516002,11.9315316636771,151984.172129145
449,147.983663689817,1,2,1011.60164599852,11.4239780298456,91489.3663581929
451,150.721432396483,4,1.5,867.041600447394,11.5301582112192,101738.208663556
452,51.6538786995146,4,2,2437.75985154371,12.8123105734512,366704.114174063
453,42.2627559937831,1,2.5,705.494306319018,12.1108488816788,181833.894488537
454,41.9252806207824,4,2,2335.81709526096,12.2378469845385,206456.906533667
455,27.9282187049956,1,2,1271.6847092645,12.4192562097016,247522.362316079
456,45.5526874375338,4,1,3068.154454726,12.0996811209587,179814.514030813
457,207.857787693321,4,3,686.067015837576,11.2495717434926,76847.0024877687
458,18.7189321415544,3,1,685.941541592758,12.1554422111615,190125.985154243
460,7.55135218546811,4,1.5,690.046674962535,13.2542781929125,570505.55933752
462,101.561496932823,2,3,879.248904372818,12.4779913200136,262496.051767148
463,57.5628338637123,4,1.5,528.073096890011,11.9117773936616,149011.295929523
465,19.2936374686808,1,2,4704.87857185976,12.5475993357643,281418.829695434
466,49.1667533599609,4,1,884.811438420011,13.0035129513617,443970.301809878
467,5.32086603416966,4,2.5,3373.9895382687,12.6164663727116,301482.235408386
468,122.76386960118,1,1,3469.52653536078,11.8352627494643,138035.026819303
471,26.1856051053872,1,3,5554.63914942336,13.1813818424959,530397.414116469
472,40.3665125218048,3,1,1187.75188741525,12.2579738032272,210654.325914904
473,28.9809079030954,1,3,2187.32616611859,12.5635687638032,285949.00331151
474,31.2749629117883,1,2.5,1039.67663468968,12.3507025561374,231122.362288963
475,39.4427835444957,2,1,3429.70007628031,12.3090852524748,221701.076770781
477,7.7961303032617,2,2,12863.8463847089,14.0049982463312,1208630.24368573
478,25.9108939783798,2,1.5,866.338141297663,11.9702055075895,157977.122558125
479,39.3911963786367,1,1.5,2430.7269441572,11.6472128364699,114372.144537051
480,20.0710406287524,1,1.5,3200.00437117707,11.6450296576578,114122.722060408
481,42.7989426692481,4,2,2798.98689382745,13.3321853809818,616729.244608729
482,12.4911170944129,4,2,626.549982873669,13.0058615706779,445014.244468595
483,7.1086500568288,2,1,621.488251398214,11.4378208568623,92764.6441913709
484,91.4565240703312,1,1,3009.69023483656,12.8593069047971,384349.242838881
485,41.832580172312,4,1.5,1113.26487460301,12.0646966253238,173632.560711628
487,36.5097445700607,4,1.5,1582.78974150923,13.0189587417308,450881.007284353
489,166.443695229941,4,1,2374.88704803455,12.5176334646129,273110.967138174
490,48.4349731286319,3,3,1033.07759140387,12.8368661624429,375820.217261502
491,27.1079807066856,2,1.5,2247.59341647162,11.2711564671931,78523.7548221604
492,17.4618819553891,4,3,2516.10849336928,12.9764851628446,432131.475709837
493,21.9148074729059,4,1.5,1598.6626824631,12.8630831348562,385803.377849063
494,37.5853662465227,1,2.5,1396.45737681096,11.559010166342,104716.3103352
495,26.781722137719,3,2,1041.10456329871,11.4984401960059,98561.9137816114
497,33.5393620986822,2,2.5,1855.05724222242,11.7612662976273,128189.677002769
499,20.300436320172,2,1,696.463061414944,12.7707361248299,351771.158347224
500,14.1073094370779,1,1.5,993.7221936329,12.1905967474743,196928.647656401
501,59.9138988926442,3,2,2237.72750990869,12.2174222406062,202282.849217262
502,44.2673268895334,2,2,1375.31280725386,12.8294889968617,373057.9307401
504,4.27253591524804,2,1.5,1446.58796534209,12.6670653683743,317129.462447174
505,15.4190962224426,3,1.5,5125.10347481472,13.0751844649583,476958.35737473
506,30.3645045515049,3,1,1796.4111558901,12.3343568574733,227375.214108428
507,45.7017402296282,2,1,2099.00036953905,11.8201702614595,135967.377070153
509,46.0268351708128,2,1.5,1269.01211619128,11.4049623607461,89766.0715707987
510,29.5232622535333,1,1,2716.11174919316,12.0121315357909,164741.282225125
511,18.2101494680352,2,2.5,1464.85711172894,12.5147907214118,272335.685278922
512,6.09009790930324,2,1.5,3134.72342787099,12.7668041992093,350390.735954672
513,148.589898756132,4,2.5,1594.10434121567,12.6570050621117,313955.03754694
514,50.6741546257001,3,2.5,610.22244169686,12.1603297229042,191057.502686378
515,25.1038789444362,4,3,1058.86683456004,13.0714091515483,475161.084860356
518,103.850021043913,1,2.5,2990.92022940363,12.2368952119237,206260.499985913
519,6.44629853777983,1,1,1017.99550163971,12.7718974945394,352179.932037945
520,19.3271735661562,3,2,878.861080347384,12.1432921590294,187829.921416061
521,19.6312157429876,2,3,1016.03691152022,13.1061812674946,491974.058517828
522,35.7718962841297,3,2,3925.17540197032,12.6594658322183,314728.560058346
523,45.4510862589156,1,1,3268.3823175624,11.7338743412046,124725.966432328
524,57.2547087650456,3,2.5,3578.78858209177,13.5499742982694,766794.638641886
527,42.5015104765233,4,3,2064.68019863295,13.2144606553807,548235.739709848
528,60.0486804694359,1,3,3147.40883708712,11.9992810777445,162637.825427036
529,11.6290625711498,3,1,11138.4281339366,12.7232181175594,335446.620213481
530,138.195440500907,1,1.5,2401.44216985634,11.6791215661773,118080.463623495
531,44.2962343897026,1,3,2019.64046200949,11.886841474987,145341.507302261
532,43.268029622615,1,2,512.895962098228,11.5059522311965,99305.102280589
534,64.8790930930626,4,1.5,1347.94638812127,12.4405856707589,252858.588006649
535,9.1032993061697,3,3,3367.10293446313,12.3756053788108,236950.225437907
537,20.9319787426451,3,3,826.67611830133,12.4708844333424,260637.135453523
538,33.4436200965648,1,3,1333.14307223544,12.0140820804143,165062.931040625
539,20.6629998695754,1,2,892.335568302912,12.2293311064217,204706.209622087
541,29.7119367506862,3,1.5,1437.07886915173,13.0750240431902,476881.849008682
542,126.711991606116,4,1,2018.61905234494,12.2194600079694,202695.4748803
543,108.760976748207,3,1,569.662056462856,11.5549980026088,104297.013059728
544,49.5111692752717,4,1,2188.90902072339,12.5919992951109,294195.354018947
545,6.36121069819857,1,1.5,5348.23656364894,12.7803343502771,355163.792820366
546,3.54582331026685,1,1.5,637.499526283761,11.3849242910891,87985.2346301978
548,7.50002462144472,4,1.5,1794.04681751828,13.1330298050724,505361.758403101
550,23.2002932123834,2,1,603.106150071446,12.0251887707089,166906.452655481
551,30.8909008174575,1,1,1032.13872622859,12.7240384848447,335721.922555767
552,19.2284293693245,1,2,615.740546780579,12.3485142466841,230617.148022887
556,9.16972477049008,2,1,1476.71689210359,12.445888702868,254203.066974685
559,59.9446548120753,2,2.5,862.238638699687,12.6123617080803,300247.28819571
560,13.2140642817927,1,2.5,983.525167293847,12.0189525389873,165868.824149615
561,38.9569200471449,4,1.5,612.413176281855,12.4006212976722,242952.516449814
562,21.8254528249422,4,1,1153.24729397606,12.047366949989,170649.48730915
563,43.4455425123131,1,3,3046.44430663409,12.237969584047,206482.219600588
564,9.6975091064376,4,2.5,1685.26077484795,12.6043319474421,297846.028013626
565,24.1589068183447,1,1.5,2441.91123305868,11.8140112052208,135132.519953233
566,21.2034143533061,4,2.5,999.633471166642,12.0824313356078,176739.351460088
568,47.1169357881762,1,2.5,1302.76549607083,12.1397996342424,187175.064976593
569,60.4803292348291,1,3,951.455141431823,12.0840642009957,177028.178773654
570,46.2589378010037,3,2,721.393387142891,12.1017285966658,180183.057042755
572,45.9021573716889,4,3,1954.88929170297,13.6967192599187,887993.107321376
573,65.3105872335478,3,2.5,3590.98927268687,12.5180797966845,273232.892529484
574,61.6527687801753,2,3,4046.29794376923,12.4096635069473,245159.306038257
575,55.431046829869,1,3,2910.68322303903,13.5973000643418,803956.196202626
578,37.108759112917,3,1.5,1757.2184832527,12.6867130731221,323421.942463169
580,67.6802193994841,2,3,4681.72501363006,12.5129723654919,271840.932028465
581,82.7329035615713,3,1,4611.30958632799,11.2625737316996,77852.690109436
582,217.46358959473,2,2,4851.84220351615,12.2842593634409,216264.908496234
583,89.3821611292366,2,1.5,5078.81917069836,12.5206656485315,273940.346600803
584,7.14090453391348,1,3,2344.3828023224,13.6450291734939,843258.78719143
585,17.2111096684883,2,1.5,603.268530699032,12.0183352018912,165766.458771603
586,187.806073157503,3,2.5,908.408545706688,11.0245707620748,61363.5176262494
588,40.6585459886747,4,1,2174.62893379638,12.3216302680968,224499.838793865
589,115.492028290718,3,2,2851.75888793668,11.674496847627,117535.635522325
590,23.8045140059438,3,3,2840.79436571707,12.7848133616163,356758.143367331
591,58.9502452370714,1,3,577.728149389377,13.3242133925167,611832.231585101
592,34.4476313942127,1,2.5,1286.42606198325,11.2623756142788,77837.2676630428
593,5.33125115485026,3,3,3148.42303674874,12.4806188197049,263186.6669604
594,18.9009325223044,2,3,1007.4572936019,12.3400141788257,228665.194237756
595,33.8045871247929,2,1,1619.72925418335,12.22744629817,204320.741050292
597,9.95908396306436,1,2.5,2131.2020992637,12.4210633262083,247970.068469562
599,33.1876011802931,4,1.5,4742.30442370615,12.2331650112998,205492.54015277
600,6.21707027200296,3,1.5,3220.50242281393,12.1455620849242,188256.765687651
601,25.7949236925295,3,2,774.553104627995,13.0991127714525,488508.803331712
602,26.9992041867092,1,1.5,659.855479696371,12.2410134129299,207111.673633618
603,64.1136202033383,2,1.5,661.360790369723,12.7794625966744,354854.312419349
604,8.658382743816,2,1.5,5228.44238593794,13.7316943487311,919600.254600461
605,16.632376581869,2,2,2700.19494770539,12.4864775350129,264733.128430275
606,3.90432762554547,3,3,1203.1226913089,12.3219096391208,224562.566305439
607,17.1160101125832,4,2,2282.26106297281,12.9092242507879,404021.854504319
608,105.819303094492,1,2,2569.25073890227,11.7186963853675,122847.175393793
610,73.9775727634387,3,1,2280.90522844086,12.9077449086862,403424.609838462
611,9.47371337908642,1,1.5,1091.55734334987,11.972711929737,158373.57654988
614,66.0708854806709,2,1.5,998.926438299506,12.2912583599298,217783.855182165
615,14.3179139654418,1,3,644.92515362036,12.3877782751496,239852.222992729
616,10.459005213416,3,3,2509.17667267535,13.1906765446886,535350.282184232
617,22.7566582395385,1,2,2014.95215175699,12.4944841853264,266861.262258781
619,43.8041559379244,1,3,3019.3889631564,12.6992222696768,327493.10148798
620,27.2232042885963,1,2,665.625067276538,13.0308035389893,456253.355781472
621,53.6861430484335,4,2.5,5024.15233471514,12.9037535645409,401817.612556892
622,29.2782403892134,1,1,1107.96669672769,12.9473593736095,419726.829881142
624,9.61750538178608,3,3,948.303928977333,13.5976980993347,804276.262595984
625,56.4594477534739,2,3,3227.79959111957,13.0361578789125,458702.843181514
626,40.3578859096723,2,3,3033.23858742867,12.5650205367605,286364.437827005
628,81.9135040929522,2,1,995.102757258385,11.3418510948902,84275.8895094441
629,41.9381991228439,2,1.5,549.968991951671,11.6354628754949,113036.140669632
630,267.39967332285,2,2.5,1395.03765125416,11.0767752397231,64652.0594923731
631,27.7183369522312,2,1,1581.365542172,13.0706299785617,474790.996378936
632,75.2541352499735,1,1,1403.23166244043,11.3914383688806,88560.2481010165
633,28.795527856187,3,1,558.522408955351,11.186973672258,72183.9984540803
635,28.1633404741549,4,3,1947.67215799664,13.6340808346511,834076.859402073
636,28.3876266483821,4,1.5,1253.43643025302,12.6144039194704,300861.083163698
638,2.70731008571601,2,1.5,583.14341427548,13.0143766663176,448819.762502474
639,23.9820291542935,3,2,976.993255103132,12.6407661011346,308897.906353297
640,7.18548631728064,2,3,2326.66123937553,13.7274474049111,915703.0454541
642,6.21417446364446,2,3,1135.66668349477,12.6608124378822,315152.660804076
644,44.9132489355527,2,1,1874.51099874567,12.0165884974499,165477.166489467
645,10.8449943640595,4,3,576.636268957732,12.7239817089761,335702.862193066
646,31.5311876444929,4,2.5,1810.32625909456,12.8978024601448,399433.455217373
647,173.830390357601,2,2,511.868896213196,12.6136598315146,300637.299323126
648,47.0170320949196,1,2,1955.02831022637,11.9442921336957,153935.988161501
649,57.0858927890266,3,2.5,1708.05420980009,11.9424497606589,153652.64174256
650,54.9753024237061,2,1.5,3354.07520586686,12.1401452194263,187239.761084222
651,91.2861589009954,3,2,1045.84494305846,11.7926731107382,132279.595705647
652,12.0622613175125,2,1.5,687.762774941311,12.5437763413139,280345.020961524
653,33.6487274532689,4,1,1178.71882740284,11.8389857838573,138549.893810635
654,27.7197441416367,3,1,792.192882252849,12.8828275889157,393496.553772046
655,43.2882052727087,3,1.5,1225.47736068889,11.9714857559342,158179.502028126
656,51.8331320138628,4,2,1135.84718279795,12.9910350532289,438464.904932004
657,79.4331918653213,3,1.5,1534.56927553115,11.8967529595867,146789.220053284
658,146.25080441831,3,2.5,2044.98430770043,11.9480265898043,154511.930098424
659,27.6868223972907,1,2.5,784.009666070334,12.1714466811129,193193.330919186
660,15.9876452820268,3,1.5,1609.62202691127,11.8203170101058,135987.331562787
662,21.7018455101034,4,2.5,1949.95827611447,13.0792724729047,478912.157784629
663,11.6953207582074,3,2.5,1031.42058473966,12.5591296329801,284682.451551407
664,106.933589488474,4,2,690.839966364738,11.8651230841381,142218.954786477
666,5.25427176645076,3,3,1159.35303914322,12.6993700885599,327541.514730574
667,54.6365507636802,4,1,1393.69957039865,11.3850947537321,88000.2341042289
668,96.1410779249551,4,3,1875.50795260266,12.897458198412,399295.969230857
669,9.20521143432362,2,3,523.229748509959,12.1592010869257,190841.989955484
671,36.1759540447366,4,1.5,840.859764232018,12.0159971676606,165379.343837049
673,11.7458434685509,2,1,926.171928560184,12.6557322216327,313555.677081582
674,17.8383756735656,3,1,1058.8857968152,12.1339975977526,186092.21283118
676,19.8891835559179,3,3,1420.78182239711,12.9544430062751,422710.575968021
677,58.9972234662086,1,1,1682.31846849923,10.7290851287404,45664.8954096695
680,63.4982449287735,4,1,694.888202410656,12.0313169083707,167932.418794097
681,18.1395472735909,4,2,772.487178632489,13.5323708389916,753414.514203603
683,25.4232114670494,2,3,827.365932059518,11.4550703322942,94378.6661381891
685,13.8699927955657,1,3,2249.09916074381,12.4638846242999,258819.095664891
690,20.0731825025057,4,1.5,1073.67554286153,11.7602625552374,128061.072143889
691,8.32068351094402,4,1,1583.88900701621,14.0495138745081,1263648.68314713
692,14.6206104721945,2,3,928.731302953077,12.8159199575948,368030.081712715
693,161.752058723725,3,2.5,2328.25813002234,11.8134215268829,135052.858723027
694,127.188105489844,1,3,930.217138373096,11.8488977913586,139930.030058202
695,8.14375999442766,1,2,657.954509373604,12.2919988493769,217945.181551542
696,56.5600173833075,4,1,2012.56705808225,12.3304279930684,226483.640306296
697,178.213075104616,2,1.5,6351.60585929876,12.3946461619731,241505.17054581
698,71.8333485503565,2,2.5,1097.23497272729,11.387596403763,88220.6554862181
699,4.92566418005693,2,2.5,934.226497695023,13.0121986524931,447843.290625659
700,18.2476341062683,4,3,5634.99659003049,13.0628734145759,471122.495509218
702,8.3092741274307,1,2.5,1858.05152071386,11.5612195694618,104947.926650634
703,33.076881881036,2,3,1784.00459043771,11.4473469882451,93652.5548417703
704,25.9183659946307,1,2.5,2393.08496055734,11.6958368448368,120070.799646289
705,11.2940061331314,4,3,587.190177646719,12.260487437909,211184.49998722
706,15.451325113304,1,1,2746.51769688685,11.1127461064987,67019.9829238022
707,35.0085637545561,4,2.5,1306.19418717677,11.4386003468715,92836.9814941657
708,14.6573298834036,4,1.5,2650.52694458861,13.1938087643986,537029.745741219
710,21.1246152111491,2,3,1455.1138087241,12.4756800250289,261890.046557371
711,24.7201513804375,1,2.5,2710.62524894403,12.5317484461435,276993.258171854
712,4.52996210287092,1,1.5,1163.29213857083,12.0621112350535,173184.232579882
714,54.9931272263263,2,1,1462.14734466703,12.5133541333531,271944.731972155
718,52.8842344511112,2,1.5,1425.12620016423,11.3812047284583,87658.5759297642
719,17.2393520027738,4,2,1373.11486579429,12.8995230671403,400121.314812963
721,62.1907589657407,3,1.5,3200.7112869895,12.906655126958,402985.204541361
723,9.61987434277624,4,1,2096.54983701694,12.7937959267,359977.182579511
727,129.595831382372,4,1.5,6239.8696570696,12.9545114874498,422739.524676032
728,214.435433389111,1,1.5,1358.86598353781,12.0276106012708,167311.161674023
729,4.12747642831949,1,2.5,1407.28693970225,12.0990561010336,179702.161491665
731,8.34168068124122,4,3,650.777830268313,12.5039499482308,269399.300981297
732,32.0481930747225,2,3,1434.10096991907,12.0143874218689,165113.339291552
733,7.27765008590308,1,1.5,3252.87094176199,11.4746460960621,96244.4026393022
734,41.0589051014859,1,2.5,2702.15439399214,12.1425097055495,187683.010723308
735,10.5849878803977,2,1,1505.33345771484,12.434216305754,251253.157578732
738,11.6828371736186,1,1.5,1373.66402388392,12.048221272475,170795.339296837
739,34.0572177948717,3,3,672.892527360938,11.9131343916493,149213.641218272
742,36.180360229633,3,3,1783.42941395195,12.3176492539114,223607.878382547
743,13.0738620151316,1,2.5,4412.89800710174,12.0837834745387,176978.48925514
744,99.7572403926748,4,2.5,3601.49236216732,12.5808269672126,290926.799736364
745,57.6003814986971,4,2,1214.07971032558,13.0077762305958,445867.111620115
746,68.3496007566954,4,3,6005.85608353102,13.1129488216487,495314.811213179
747,38.3097967306076,2,1,1385.01156269683,12.8349858440154,375114.219539833
748,44.4506409737003,1,3,2219.44439584154,12.5576476865814,284260.879868047
749,80.6326305500274,4,3,1305.55304013975,12.5125744157688,271732.774526887
750,5.7054826832432,1,2,1758.6087509348,13.2507098281524,568473.415276064
752,24.5304285090593,1,1.5,5349.63118028153,11.5403126060283,102776.561602158
753,25.4243265801715,3,1,7599.45283756873,11.9789590688025,159366.055155054
754,52.2324260747108,4,1,1197.18609151503,12.9272614774309,411375.407749047
756,17.9866372966611,4,1.5,875.230494127321,12.3063488613636,221095.245189072
757,4.17406892777754,2,2.5,4064.15130001384,13.3141535581482,605708.15591392
758,38.6869119648671,2,2.5,9374.68267844765,13.0510258936736,465573.795965881
759,12.8885563935048,1,2,1342.3909122418,11.688421614438,119183.739943411
760,84.3981611576653,3,2.5,1532.67282206868,12.3322758954371,226902.546891721
761,181.743261841988,1,1,988.459399214427,10.0178391883124,22422.9258144998
762,216.292699842751,1,1.5,3001.70347768878,11.4103704986431,90252.8539710543
764,69.7346800062848,2,3,3758.05608342109,12.6330883264389,306535.339059798
767,19.7208518099541,2,3,4060.82905403676,12.9102268082838,404427.11275647
768,75.2431700305838,3,2,592.688234717845,11.9777031468642,159166.029464794
769,123.746584493149,4,1.5,521.21752617782,11.8777303037019,144023.290303963
771,103.467370613785,4,3,1487.55458897271,12.3434334263851,229448.395361285
772,26.5032562550059,3,2.5,879.341261903477,12.6002764052949,296640.546985471
774,6.8183720393144,3,1.5,681.424436143339,12.7043654200927,329181.786627538
776,74.3372078160676,1,1,2480.9398265103,13.4818542711474,716299.941653695
777,78.2179865972468,4,1.5,914.797317389566,12.9445373950418,418544.039452465
779,9.92261549640695,2,3,1175.12665116649,11.9446375051884,153989.162445429
780,22.6317232793007,4,1,619.282834486572,12.2483539419745,208637.576504843
781,40.3483661849039,3,1.5,918.205155222903,12.5721011399599,288399.26618646
782,5.09867106057983,4,2.5,919.999571484315,12.4579057042757,257276.25385113
783,108.580786291236,1,3,589.442229078705,11.5119588536014,99903.3855649492
784,20.6742542755822,4,1.5,776.430885331137,12.4397655594848,252651.300838752
785,40.832547533378,2,2,1512.33161326508,12.255422190055,210117.502735937
786,14.261802290162,1,1.5,511.6316487937,12.7439697193854,342480.403635707
787,45.4610381580687,4,2,1887.74772430549,12.6120882058417,300165.181118983
788,48.4527372136822,4,1.5,1136.82634601631,12.6214246333676,302980.774919377
789,13.4734386799675,2,1.5,1651.14317195097,12.5692596588069,287580.948275097
790,3.74140883106681,1,2.5,1021.26750463162,12.5036397081621,269315.73548699
791,34.0723360881096,4,1.5,2515.39187448932,12.7919821200626,359324.845362067
792,133.052775855108,2,1.5,794.316194598158,11.6221228367084,111538.247359516
793,15.2135736804457,1,1,841.605010161191,11.9484655636263,154579.771680169
794,53.9933074697808,2,1,651.71041187286,11.1884194260231,72288.4342176349
795,43.0507693661471,4,2,14103.0549916935,13.742587035515,929671.926339007
796,40.6955774678254,2,2,1512.17876244301,11.8514992027418,140294.51951921
797,62.4514596260366,3,1.5,522.058084850852,13.2047076120731,542914.762834998
798,60.8427127995851,1,1,2018.77656559967,13.5588124553161,773601.7268279
799,1.64834881792812,3,2,1597.9850167329,12.8996534859759,400173.501571927
800,19.2674829286523,4,1.5,1611.4562968494,12.3803952749888,238087.914949244
801,119.926921992198,3,2.5,667.735298376282,12.1512963115826,189339.373645333
802,9.76869619761917,1,2.5,1625.29682726134,12.5945242531304,294939.123535606
803,20.7135750747965,1,1.5,889.89771864351,12.2101094492798,200808.992523345
806,26.6010371615769,2,1,657.729632601068,12.2446452951577,207865.246455792
807,34.5696682406287,4,2.5,1729.93378761571,12.8249092066149,371353.31004947
808,14.1626247981662,3,1,1249.36810735708,11.628689935797,112273.140499009
809,58.2083458776735,1,2.5,1711.01766175914,13.0093951515196,446589.519819457
812,6.68751053048078,3,1.5,724.584748139874,12.5313174110692,276873.890090006
814,15.5592186133626,4,2,2437.84561180781,12.6008472963819,296809.944779011
815,28.1770530012749,2,2,586.608167086922,12.5632066806398,285845.484734112
817,17.6103160934883,3,2,982.772344975395,12.7622739304243,348806.961910774
818,40.1427077139834,3,2,730.716338980909,12.2173485545067,202267.944332257
819,32.7282397048343,1,3,1060.31565694631,12.2045991158149,199705.511079321
820,3.27527996821132,1,1,6383.99658980228,12.8909655993443,396711.898338789
821,52.747576044,4,1.5,1749.89864132206,13.0737361378791,476268.065674808
823,52.7993361241462,2,2.5,1236.40726177844,11.9795409196737,159458.809415041
824,15.6508446734355,2,2,4130.58164157297,13.7374502801843,924908.673421749
825,3.54404957225663,4,2,1454.02528385504,13.0431302074177,461912.245592747
826,132.117665200057,2,3,4813.87457120127,12.8200863858464,369566.651423529
827,139.249714026942,1,1.5,785.601768513942,11.0085970506476,60391.1017256909
828,19.7312347151327,1,2,1938.25875054828,12.2248248589059,203785.828064513
830,19.7377467153643,3,2,1161.19578786949,12.3930175146963,241112.163928906
831,194.154271997116,3,2,526.142944497411,11.2588255769665,77561.4323610508
832,160.914518312944,1,3,1938.65843223743,12.6619255100723,315503.643764882
833,65.6386559039764,1,3,793.974730409989,12.4208120912152,247907.777536276
834,78.2530053509263,4,2,2300.58833188829,12.1305829501373,185457.857167314
835,13.6852170365256,2,3,921.131352630019,12.1408196504408,187366.083979484
837,77.8121561497116,2,2,3353.84416773422,11.819553139118,135883.494449619
840,5.00641816524479,4,2.5,1033.79171640314,12.7414226297933,341609.185370637
841,55.5234577220377,1,1,1155.37474885398,12.0942085098817,178833.146899125
842,82.0803083764871,3,1.5,2926.68910215745,12.6547040382014,313233.45001225
843,155.11881331156,1,1.5,1085.81789697942,11.5561350939028,104415.675737638
844,7.32666939811152,1,1.5,1664.87997613049,12.1258821187278,184588.09694693
845,42.6318558167021,3,2,502.727913165187,12.5541812072114,283277.201327987
846,9.37462627372742,4,1.5,2674.35949701515,12.2832487855831,216046.466363284
847,26.4272261939643,4,2,1920.31071570839,12.5079784862067,270486.775291022
848,229.797020992573,4,1.5,620.833082722465,11.273745617685,78727.3280677444
850,15.9342877385728,2,1.5,2427.60861659454,12.5592776695615,284724.598087878
853,4.60359811738274,3,2,794.75447395495,12.6342961594696,306905.806253592
855,31.6839765027211,3,1,782.760613731156,11.654115536273,115164.352156778
858,30.6441061980548,2,3,1292.43514867477,12.6257305543737,304288.199014928
860,26.5941067563545,4,3,769.753902515083,12.2276851608524,204369.551479844
861,9.83325424918224,2,1,1547.94994702012,12.112842283591,182196.724033916
863,25.8413176916144,3,2.5,1903.67910770966,11.476791437562,96451.1013908365
864,32.3192656079299,3,2.5,2000.63815330037,12.9497318891744,420723.8205383
865,5.98259959738179,2,2.5,1990.71658261121,13.1941723408283,537225.03259747
866,8.19664889761314,1,2,1664.03844045886,12.4592813424706,257630.416436523
867,131.603368766289,4,1.5,727.397937058727,12.5583500514686,284460.60486057
868,6.12285368393134,1,1,2055.9749458377,11.7046008365431,121127.723810902
869,3.00664695484871,3,2,4631.09357824131,13.0620984173845,470757.51834476
871,5.48102048668664,4,1.5,816.412513192825,12.0718093654557,174871.966555001
872,37.9993525265728,1,1,1363.32630033199,12.1056063791848,180883.124228468
873,47.3882798475208,3,2,1732.80365068804,12.1579662830288,190606.482954987
874,9.7133037386489,1,1,561.769240454868,11.6509707866698,114802.757965615
875,33.286690963568,3,3,5508.419832806,13.699155513958,890159.121525032
876,69.4506024108749,1,2.5,1265.70287255411,12.6060862758106,298369.006353772
879,353.890031143122,3,2,556.383006450721,10.649662103042,42178.3402078681
880,60.2765855870729,2,2,1966.88317665624,12.45936796618,257652.734305456
881,33.0799671465889,2,2.5,1185.96147753679,12.8465949130163,379494.321659293
882,29.5486057724528,1,2,3431.26402868357,11.8987955061952,147089.350287524
883,8.01061270744727,1,2,719.651742453362,12.0589355613593,172635.12831768
884,36.5172684914077,2,2.5,742.600770865709,12.8240252811932,371025.206449185
885,22.4717092160735,2,1.5,1668.39203117381,12.2491802907953,208810.055174129
887,104.913257099549,3,1,4248.592515533,12.6057923138853,298281.310116507
889,39.1825032985294,1,3,5644.8298432191,11.8595102426145,141422.938378392
890,20.449623840308,1,1.5,6987.2858162502,12.423727260247,248631.525022679
891,17.495593708681,3,1,2154.54007304404,12.1131422529857,182251.385672941
892,14.0161120261965,2,2,1145.84081224016,12.39290361877,241084.70379947
893,73.8614547373751,1,3,1482.69216326349,12.3636839825586,234142.218844054
894,7.32115390305117,1,2.5,1241.59269368898,11.8727871857619,143313.122860644
895,172.318011741109,4,2.5,1603.40127379,12.3731707779371,236374.047877821
896,167.885451870457,2,2.5,1039.23368331747,12.1474302208794,188608.783626765
898,25.0814241768219,4,1,3411.75542614788,12.6869585072378,323501.330983538
899,29.5345444428046,4,1.5,5601.98188068823,13.2137177256091,547828.590317363
902,8.35547163264192,4,2.5,634.358271844477,12.3462008068191,230084.245775419
904,134.961711461164,2,1,944.056719516238,11.2685685560289,78320.8050416719
905,11.8728980837717,1,3,1870.20407446957,13.2355963731727,559946.416422076
906,30.6596546960865,4,2.5,1590.69866422142,13.5638440889824,777504.016534059
907,13.7843772322119,2,2,600.219473226257,13.001818897953,443218.829103915
908,110.528410106764,1,2,731.78300799577,12.0900821058175,178096.729497765
909,37.9077485192357,2,2,1646.54206889099,11.8016473209526,133472.043239056
912,10.7384690469164,1,3,2310.29631341328,13.4355658134636,683899.197360015
913,9.47464807050993,3,3,1594.74418152638,12.2452139899077,207983.491949767
914,14.6317950385727,2,2.5,896.758418987487,12.101795870944,180195.179135619
916,34.6648286489717,4,1,1259.09870362764,11.9472961757712,154399.113622778
917,29.4937416858541,3,2,1318.99915620597,12.1773550998679,194338.176802871
918,23.2154365280649,3,1,923.392343525795,12.0886539980073,177842.56969439
919,11.6250627694986,2,2.5,1179.45542663792,13.0464299548349,463438.956827594
920,44.9083142248223,4,3,2622.33874393582,13.3090907873691,602649.343927033
922,28.7001104666152,4,2.5,2415.47247255108,12.2022857108388,199244.045340603
923,24.9759388398132,3,2,1770.31635415476,12.0011001345108,162933.942108695
925,23.4963416490243,3,1,1340.80517565619,11.19389440166,72685.2970496323
926,14.3470552991112,3,2,682.158441834202,11.9996620814887,162699.802853534
928,16.3830556552537,2,2.5,1326.45562468406,12.3693499303114,235472.621860604
929,35.9204211842754,3,2,1122.5665629014,12.9940045305142,439768.851569408
931,93.3716822127139,2,1,785.607788174448,11.6865404424401,118959.74558124
933,20.5312765033852,2,1.5,626.59526318178,12.3649306380131,234434.295539986
935,44.5007557936701,4,3,4254.71340794695,13.1749386058431,526990.924252587
936,47.9161143619452,1,1.5,2050.6020281208,12.0311942236194,167911.817310819
937,31.2575072607832,4,1.5,710.922796417532,12.049435273548,171002.810931908
941,70.1266643348059,1,1,2995.58046352903,12.3657945602499,234636.91605256
942,39.7779102708081,2,1.5,1237.20367779877,11.9201106280763,150258.230271159
944,43.1564337665117,4,1,1143.84122220656,12.1223599146638,183939.083651294
946,38.3523969620006,4,3,1705.08199451187,11.7678404079261,129035.186268982
950,75.1652979398506,2,3,2528.67741020733,11.8902568600494,145838.75317496
953,2.17987696541743,3,1.5,1139.55844248444,12.6994843113009,327578.929556952
956,44.3064004591205,3,2,951.293839748601,13.3805754193599,647306.650929243
957,47.7839364586782,2,1,2991.57021318692,12.1711028759383,193126.921468917
959,2.23045357750596,2,2.5,947.218306033398,12.7569128854947,346941.995666831
960,13.2246364396551,1,3,2680.5721987477,12.6499226988008,311739.349323773
961,20.2778101409949,2,2.5,1894.780258317,12.0486777864802,170873.327561261
962,51.0695144143801,3,1,2983.28898489107,11.7635610968981,128484.184368483
963,67.8433167321446,1,1,1797.58040323969,11.2285001253146,75244.6531284097
964,63.1925570093295,4,3,857.531710843876,12.3357318384755,227688.065741428
965,41.6775696947048,2,2.5,528.905927244688,13.3271121802011,613608.376412577
966,53.2841027164085,4,3,1744.44392412662,12.4379645323952,252196.67851818
967,13.9551816331022,2,1.5,2788.66932117183,12.3854975978972,239305.820804176
968,6.3058874998748,2,2.5,3341.71209935162,13.1007593584033,489313.838150681
969,3.19410766716253,4,3,1535.7849236048,12.7196668296322,334257.465446137
971,19.326518232162,1,2,1465.40295724381,12.3778181539186,237475.12352507
973,142.20827523436,2,1.5,5053.78889496415,12.9951485020227,440272.222472007
974,92.7942048027054,3,2,3903.96431076693,12.9243066003672,410161.638145228
975,17.0060547441904,3,2.5,513.580159088277,12.2150476068208,201803.071403058
976,16.5194627740079,2,3,2077.6971382298,12.9649364250672,427169.609406225
977,48.2660261059596,3,1,1366.03560992164,12.0842592047633,177062.703301587
978,34.9152667785504,2,2.5,1289.09775414717,11.5401400756756,102758.83105531
979,236.133589339991,1,1,2497.78879963056,10.7186965359454,45192.9570384176
980,105.514464410778,1,1,605.046405383033,11.2968711060273,80569.1504144586
981,84.5591489020813,1,1,1375.6732480112,11.9184927531247,150015.327790032
982,11.1003189607901,4,3,4677.34442333093,13.3726794616118,642215.67049687
984,46.6485216728638,1,2,681.577855288284,11.7668914776453,128912.79895114
985,118.741415823384,2,1.5,713.766131457656,11.7909466170282,132051.412850511
986,80.1486498632792,4,1,1324.52610970475,12.4937294348732,266659.924589555
988,23.9716733728905,1,2,7317.00489585355,12.531188541082,276838.21165431
989,105.060973574324,1,2,1959.90916707933,12.1770459157786,194278.099818563
991,87.0627483739223,2,1.5,1659.34197641146,11.5857522454469,107554.421552162
993,34.9735898812602,1,1.5,552.315197619584,11.9506826180131,154922.863627298
994,6.28300755695484,4,1.5,1961.04076862373,12.455654367475,256697.689868458
996,10.8380619657386,4,3,526.543815424883,12.2065146467787,200088.419789085
997,40.3153377002575,1,2.5,3110.58843286114,12.9210476029774,408827.098249339
998,17.4109604352746,3,1,857.821860280446,12.2239219569839,203601.912490024
999,94.1054321248862,2,1,634.070429070796,12.0742217910933,175294.341439576
1000,36.3946281595896,4,2.5,4871.96988794926,12.6909471290796,324794.232191079
